Index,English
1,a
2,abandon
3,abandoned
4,ability
5,able
6,about
7,above
8,abroad
9,absence
10,absent
11,absolute
12,absolutely
13,absorb
14,abuse
15,academic
16,accent
17,accept
18,acceptable
19,access
20,accident
21,accidental
22,accidentally
23,accommodation
24,accompany
25,according to
26,account
27,account for
28,accurate
29,accurately
30,accuse
31,achieve
32,achievement
33,acid
34,acknowledge
35,a couple
36,acquire
37,across
38,act
39,action
40,active
41,actively
42,activity
43,actor
44,actress
45,actual
46,actually
47,ad
48,adapt
49,add
50,addition
51,additional
52,add on
53,address
54,add up
55,add up to
56,adequate
57,adequately
58,adjust
59,admiration
60,admire
61,admit
62,adopt
63,adult
64,advance
65,advanced
66,advantage
67,adventure
68,advert
69,advertise
70,advertisement
71,advertising
72,advice
73,advise
74,affair
75,affect
76,affection
77,afford
78,afraid
79,after
80,afternoon
81,afterwards
82,again
83,against
84,age
85,aged
86,agency
87,agent
88,aggressive
89,ago
90,agree
91,agreement
92,ahead
93,aid
94,aim
95,air
96,aircraft
97,airport
98,alarm
99,alarmed
100,alarming
101,alcohol
102,alcoholic
103,alive
104,all
105,allied
106,allow
107,allow for
108,all right
109,ally
110,almost
111,alone
112,along
113,alongside
114,aloud
115,alphabet
116,alphabetical
117,alphabetically
118,already
119,also
120,alter
121,alternative
122,alternatively
123,although
124,altogether
125,always
126,a.m.
127,amaze
128,amazed
129,amazing
130,ambition
131,ambulance
132,among
133,amount
134,amount to
135,amuse
136,amused
137,amusing
138,analyse
139,analysis
140,ancient
141,and
142,anger
143,angle
144,angrily
145,angry
146,animal
147,ankle
148,anniversary
149,announce
150,annoy
151,annoyed
152,annoying
153,annual
154,annually
155,another
156,answer
157,anti-
158,anticipate
159,anxiety
160,anxious
161,anxiously
162,any
163,anybody
164,anyone
165,anything
166,anyway
167,anywhere
168,apart
169,apart from
170,apartment
171,apologize
172,apparent
173,apparently
174,appeal
175,appear
176,appearance
177,apple
178,application
179,apply
180,appoint
181,appointment
182,appreciate
183,approach
184,appropriate
185,approval
186,approve
187,approving
188,approximate
189,approximately
190,April
191,area
192,argue
193,argument
194,arise
195,arm
196,armed
197,arms
198,army
199,around
200,arrange
201,arrangement
202,arrest
203,arrival
204,arrive
205,arrive at
206,arrow
207,art
208,article
209,artificial
210,artificially
211,artist
212,artistic
213,artistically
214,as
215,ashamed
216,aside
217,aside from
218,ask
219,asleep
220,aspect
221,assist
222,assistance
223,assistant
224,associate
225,associated
226,association
227,assume
228,assure
229,at
230,atmosphere
231,atom
232,attach
233,attached
234,attack
235,attempt
236,attempted
237,attend
238,attend to
239,attention
240,attitude
241,attorney
242,attract
243,attraction
244,attractive
245,audience
246,August
247,aunt
248,author
249,authority
250,automatic
251,automatically
252,autumn
253,available
254,average
255,avoid
256,awake
257,award
258,aware
259,away
260,awful
261,awfully
262,awkward
263,awkwardly
264,baby
265,back
266,background
267,back up
268,backward
269,backwards
270,bacteria
271,bad
272,badly
273,bad-tempered
274,bag
275,baggage
276,bake
277,balance
278,ball
279,ban
280,band
281,bandage
282,bank
283,bar
284,bargain
285,barrier
286,base
287,based
288,base on
289,basic
290,basically
291,basis
292,bath
293,bathroom
294,battery
295,battle
296,bay
297,be
298,beach
299,beak
300,bear
301,beard
302,beat
303,beat up
304,beautiful
305,beautifully
306,beauty
307,because
308,because of
309,become
310,bed
311,bedroom
312,beef
313,beer
314,before
315,begin
316,beginning
317,behalf
318,behave
319,behaviour
320,behind
321,be left over
322,belief
323,believe
324,believe in
325,bell
326,belong
327,belong to
328,below
329,belt
330,bend
331,beneath
332,benefit
333,bent
334,beside
335,best
336,bet
337,better
338,betting
339,between
340,beyond
341,bicycle
342,bid 1
343,big
344,bike
345,bill
346,billion
347,bin
348,biology
349,bird
350,birth
351,birthday
352,biscuit
353,bit
354,bite
355,bitter
356,bitterly
357,black
358,blade
359,blame
360,blank
361,blind
362,block
363,blonde
364,blood
365,blow
366,blow out
367,blow up
368,blue
369,board
370,boat
371,body
372,boil
373,bomb
374,bone
375,book
376,boot
377,border
378,bore
379,bored
380,boring
381,born
382,borrow
383,boss
384,both
385,bother
386,bottle
387,bottom
388,bound
389,bowl
390,box
391,boy
392,boyfriend
393,brain
394,branch
395,brand
396,brave
397,bread
398,break
399,break down
400,breakfast
401,break in
402,break into
403,break off
404,break out
405,break up
406,breast
407,breath
408,breathe
409,breathe in
410,breathe out
411,breathing
412,breed
413,brick
414,bridge
415,brief
416,briefly
417,bright
418,brightly
419,brilliant
420,bring
421,bring back
422,bring down
423,bring forward
424,bring out
425,bring up
426,broad
427,broadcast
428,broadly
429,broken
430,brother
431,brown
432,brush
433,bubble
434,budget
435,build
436,building
437,build up
438,bullet
439,bunch
440,burn
441,burn down
442,burnt
443,burst
444,burst into
445,burst out
446,bury
447,bus
448,bush
449,business
450,businessman
451,busy
452,but
453,butter
454,button
455,buy
456,buyer
457,by
458,bye
459,cabinet
460,cable
461,cake
462,calculate
463,calculation
464,call
465,call back
466,called
467,call for
468,call off
469,call up
470,calm
471,calm down
472,calmly
473,camera
474,camp
475,campaign
476,camping
477,can 1
478,can 2
479,cancel
480,cancer
481,candidate
482,candy
483,cannot
484,cap
485,capable
486,capacity
487,capital
488,captain
489,capture
490,car
491,card
492,cardboard
493,care
494,career
495,care for
496,careful
497,carefully
498,careless
499,carelessly
500,carpet
501,carrot
502,carry
503,carry on
504,carry out
505,case
506,cash
507,cast
508,castle
509,cat
510,catch
511,catch up
512,category
513,cause
514,CD
515,cease
516,ceiling
517,celebrate
518,celebration
519,cell
520,cell phone
521,cent
522,centimetre
523,central
524,centre
525,century
526,ceremony
527,certain
528,certainly
529,certificate
530,chain
531,chair
532,chairman
533,chairwoman
534,challenge
535,chamber
536,chance
537,change
538,change round
539,channel
540,chapter
541,character
542,characteristic
543,charge
544,charity
545,chart
546,chase
547,chase away
548,chat
549,cheap
550,cheaply
551,cheat
552,cheat of
553,check
554,check in
555,check into
556,check on
557,check out
558,check over
559,check up on
560,cheek
561,cheerful
562,cheerfully
563,cheese
564,chemical
565,chemist
566,chemistry
567,cheque
568,chest
569,chew
570,chicken
571,chief
572,child
573,chin
574,chip
575,chocolate
576,choice
577,choose
578,chop
579,chop down
580,chop off
581,church
582,cigarette
583,cinema
584,circle
585,circumstance
586,citizen
587,city
588,civil
589,claim
590,clap
591,class
592,classic
593,classroom
594,clean
595,clean up
596,clear
597,clearly
598,clear out
599,clear up
600,clerk
601,clever
602,click
603,client
604,climate
605,climb
606,climbing
607,clock
608,close 1
609,close 2
610,closed
611,closely
612,closet
613,cloth
614,clothes
615,clothing
616,cloud
617,club
618,coach
619,coal
620,coast
621,coat
622,code
623,coffee
624,coin
625,cold
626,coldly
627,collapse
628,colleague
629,collect
630,collection
631,college
632,colour
633,coloured
634,column
635,combination
636,combine
637,come
638,come across
639,come down
640,comedy
641,come from
642,come in
643,come off
644,come on
645,come out
646,come round
647,come to
648,come up
649,come up to
650,comfort
651,comfortable
652,comfortably
653,command
654,comment
655,commercial
656,commission
657,commit
658,commitment
659,committee
660,common
661,commonly
662,communicate
663,communication
664,community
665,company
666,compare
667,comparison
668,compete
669,competition
670,competitive
671,complain
672,complaint
673,complete
674,completely
675,complex
676,complicate
677,complicated
678,computer
679,concentrate
680,concentrate on
681,concentration
682,concept
683,concern
684,concerned
685,concerning
686,concert
687,conclude
688,conclusion
689,concrete
690,condition
691,conduct
692,conference
693,confidence
694,confident
695,confidently
696,confine
697,confined
698,confirm
699,conflict
700,confront
701,confuse
702,confused
703,confusing
704,confusion
705,congratulate
706,congratulation
707,congress
708,connect
709,connected
710,connection
711,conscious
712,consequence
713,conservative
714,consider
715,considerable
716,considerably
717,consideration
718,consist
719,consist of
720,constant
721,constantly
722,construct
723,construction
724,consult
725,consumer
726,contact
727,contain
728,container
729,contemporary
730,content 1
731,contest
732,context
733,continent
734,continue
735,continuous
736,continuously
737,contract
738,contrast
739,contrasting
740,contribute
741,contribution
742,control
743,controlled
744,convenient
745,convention
746,conventional
747,conversation
748,convert
749,convince
750,cook
751,cooker
752,cookie
753,cooking
754,cool
755,cool down
756,cope
757,copy
758,core
759,corner
760,correct
761,correctly
762,cost
763,cottage
764,cotton
765,cough
766,coughing
767,could
768,council
769,count
770,counter
771,count on
772,country
773,countryside
774,county
775,couple
776,courage
777,course
778,court
779,cousin
780,cover
781,covered
782,covering
783,cover up
784,cow
785,crack
786,cracked
787,craft
788,crash
789,crazy
790,cream
791,create
792,creature
793,credit
794,credit card
795,crime
796,criminal
797,crisis
798,crisp
799,criterion
800,critical
801,criticism
802,criticize
803,crop
804,cross
805,cross out
806,crowd
807,crowded
808,crown
809,crucial
810,cruel
811,crush
812,cry
813,cry out
814,cultural
815,culture
816,cup
817,cupboard
818,curb
819,cure
820,curious
821,curiously
822,curl
823,curl up
824,curly
825,current
826,currently
827,curtain
828,curve
829,curved
830,custom
831,customer
832,customs
833,cut
834,cut back
835,cut down
836,cut off
837,cut out
838,cut up
839,cycle
840,cycling
841,dad
842,daily
843,damage
844,damp
845,dance
846,dancer
847,dancing
848,danger
849,dangerous
850,dare
851,dark
852,data
853,date
854,date back
855,daughter
856,day
857,dead
858,deaf
859,deal
860,deal in
861,deal with
862,dear
863,death
864,debate
865,debt
866,decade
867,decay
868,December
869,decide
870,decide on
871,decision
872,declare
873,decline
874,decorate
875,decoration
876,decorative
877,decrease
878,deep
879,deeply
880,defeat
881,defence
882,defend
883,define
884,definite
885,definitely
886,definition
887,degree
888,delay
889,deliberate
890,deliberately
891,delicate
892,delight
893,delighted
894,deliver
895,delivery
896,demand
897,demonstrate
898,dentist
899,deny
900,department
901,departure
902,depend
903,depend on
904,deposit
905,depress
906,depressed
907,depressing
908,depth
909,derive
910,derive from
911,describe
912,description
913,desert
914,deserted
915,deserve
916,design
917,desire
918,desk
919,desperate
920,desperately
921,despite
922,destroy
923,destruction
924,detail
925,detailed
926,determination
927,determine
928,determined
929,develop
930,development
931,device
932,devote
933,devoted
934,devote to
935,diagram
936,diamond
937,diary
938,dictionary
939,die
940,die away
941,die out
942,diet
943,difference
944,different
945,differently
946,difficult
947,difficulty
948,dig
949,digital
950,dinner
951,direct
952,direction
953,directly
954,director
955,dirt
956,dirty
957,disabled
958,disadvantage
959,disagree
960,disagreement
961,disagree with doing
962,disappear
963,disappoint
964,disappointed
965,disappointing
966,disappointment
967,disapproval
968,disapprove
969,disapproving
970,disaster
971,disc
972,discipline
973,discount
974,discover
975,discovery
976,discuss
977,discussion
978,disease
979,disgust
980,disgusted
981,disgusting
982,dish
983,dishonest
984,dishonestly
985,disk
986,dislike
987,dismiss
988,display
989,dissolve
990,distance
991,distinguish
992,distribute
993,distribution
994,district
995,disturb
996,disturbing
997,divide
998,division
999,divorce
1000,divorced
1001,do 1
1002,doctor
1003,document
1004,dog
1005,dollar
1006,domestic
1007,dominate
1008,door
1009,dot
1010,double
1011,doubt
1012,do up
1013,do with
1014,do without
1015,down
1016,downstairs
1017,downward
1018,downwards
1019,dozen
1020,draft
1021,drag
1022,drama
1023,dramatic
1024,dramatically
1025,draw
1026,drawer
1027,drawing
1028,dream
1029,dress
1030,dressed
1031,dress up
1032,drink
1033,drive
1034,drive away
1035,drive off
1036,driver
1037,driving
1038,drop
1039,drop out
1040,drug
1041,drugstore
1042,drum
1043,drunk
1044,dry
1045,dry off
1046,dry up
1047,due
1048,dull
1049,dump
1050,during
1051,dust
1052,duty
1053,DVD
1054,dying
1055,each
1056,each other
1057,ear
1058,early
1059,earn
1060,earth
1061,ease
1062,easily
1063,east
1064,eastern
1065,easy
1066,eat
1067,eat out
1068,eat up
1069,economic
1070,economy
1071,edge
1072,edition
1073,editor
1074,educate
1075,educated
1076,education
1077,effect
1078,effective
1079,effectively
1080,efficient
1081,efficiently
1082,effort
1083,e.g.
1084,egg
1085,eight
1086,eighteen
1087,eighteenth
1088,eighth
1089,eightieth
1090,eighty
1091,either
1092,elbow
1093,elderly
1094,elect
1095,election
1096,electric
1097,electrical
1098,electricity
1099,electronic
1100,elegant
1101,element
1102,elevator
1103,eleven
1104,eleventh
1105,else
1106,elsewhere
1107,email
1108,embarrass
1109,embarrassed
1110,embarrassing
1111,embarrassment
1112,emerge
1113,emergency
1114,emotion
1115,emotional
1116,emotionally
1117,emphasis
1118,emphasize
1119,empire
1120,employ
1121,employee
1122,employer
1123,employment
1124,empty
1125,enable
1126,encounter
1127,encourage
1128,encouragement
1129,end
1130,end in
1131,ending
1132,end up
1133,enemy
1134,energy
1135,engage
1136,engaged
1137,engine
1138,engineer
1139,engineering
1140,enjoy
1141,enjoyable
1142,enjoyment
1143,enormous
1144,enough
1145,enquiry
1146,ensure
1147,enter
1148,entertain
1149,entertainer
1150,entertaining
1151,entertainment
1152,enthusiasm
1153,enthusiastic
1154,enthusiastically
1155,entire
1156,entirely
1157,entitle
1158,entrance 1
1159,entry
1160,envelope
1161,environment
1162,environmental
1163,equal
1164,equally
1165,equipment
1166,equivalent
1167,error
1168,escape
1169,especially
1170,essay
1171,essential
1172,essentially
1173,establish
1174,estate
1175,estimate
1176,etc.
1177,euro
1178,even
1179,evening
1180,event
1181,eventually
1182,ever
1183,every
1184,everybody
1185,everyone
1186,everything
1187,everywhere
1188,evidence
1189,evil
1190,ex-
1191,exact
1192,exactly
1193,exaggerate
1194,exaggerated
1195,exam
1196,examination
1197,examine
1198,example
1199,excellent
1200,except
1201,exception
1202,exchange
1203,excite
1204,excited
1205,excitement
1206,exciting
1207,exclude
1208,excluding
1209,excuse
1210,executive
1211,exercise
1212,exhibit
1213,exhibition
1214,exist
1215,existence
1216,exit
1217,expand
1218,expect
1219,expectation
1220,expected
1221,expense
1222,expensive
1223,experience
1224,experienced
1225,experiment
1226,expert
1227,explain
1228,explanation
1229,explode
1230,explore
1231,explosion
1232,export
1233,expose
1234,express
1235,expression
1236,extend
1237,extension
1238,extensive
1239,extent
1240,extra
1241,extraordinary
1242,extreme
1243,extremely
1244,eye
1245,face
1246,face up to
1247,facility
1248,fact
1249,factor
1250,factory
1251,fail
1252,failure
1253,faint
1254,faintly
1255,fair
1256,fairly
1257,faith
1258,faithful
1259,faithfully
1260,fall
1261,FALSE
1262,fame
1263,familiar
1264,family
1265,famous
1266,fan
1267,fancy
1268,far
1269,farm
1270,farmer
1271,farming
1272,farther
1273,farthest
1274,fashion
1275,fashionable
1276,fast
1277,fasten
1278,fat
1279,father
1280,faucet
1281,fault
1282,favour
1283,favourite
1284,fear
1285,feather
1286,feature
1287,February
1288,federal
1289,fee
1290,feed
1291,feel
1292,feeling
1293,fellow
1294,female
1295,fence
1296,festival
1297,fetch
1298,fever
1299,few
1300,field
1301,fifteen
1302,fifteenth
1303,fifth
1304,fiftieth
1305,fifty
1306,fight
1307,fighting
1308,figure
1309,figure out
1310,file
1311,fill
1312,fill in
1313,fill out
1314,fill up
1315,film
1316,final
1317,finally
1318,finance
1319,financial
1320,find
1321,find out
1322,fine
1323,finely
1324,finger
1325,finish
1326,finished
1327,finish off
1328,fire
1329,firm
1330,firmly
1331,first
1332,fish
1333,fishing
1334,fit
1335,fit in
1336,five
1337,fix
1338,fixed
1339,flag
1340,flame
1341,flash
1342,flat
1343,flavour
1344,flesh
1345,flight
1346,float
1347,flood
1348,flooded
1349,flooding
1350,floor
1351,flour
1352,flow
1353,flower
1354,flu
1355,fly
1356,flying
1357,focus
1358,fold
1359,folding
1360,follow
1361,following
1362,follow up
1363,food
1364,foot
1365,football
1366,for
1367,force
1368,forecast
1369,foreign
1370,forest
1371,forever
1372,forget
1373,forgive
1374,fork
1375,form
1376,formal
1377,formally
1378,former
1379,formerly
1380,formula
1381,fortieth
1382,fortune
1383,forty
1384,forward
1385,found
1386,foundation
1387,four
1388,fourteen
1389,fourteenth
1390,fourth
1391,frame
1392,free
1393,freedom
1394,freely
1395,freeze
1396,frequent
1397,frequently
1398,fresh
1399,freshly
1400,Friday
1401,fridge
1402,friend
1403,friendly
1404,friendship
1405,frighten
1406,frighten away/off
1407,frightened
1408,frightening
1409,from
1410,front
1411,frozen
1412,fruit
1413,fry
1414,fuel
1415,full
1416,fully
1417,fun
1418,function
1419,function as
1420,fund
1421,fundamental
1422,funeral
1423,funny
1424,fur
1425,furniture
1426,further
1427,future
1428,gain
1429,gallon
1430,gamble
1431,gambling
1432,game
1433,gap
1434,garage
1435,garbage
1436,garden
1437,gas
1438,gasoline
1439,gate
1440,gather
1441,gear
1442,general
1443,generally
1444,generate
1445,generation
1446,generous
1447,generously
1448,gentle
1449,gentleman
1450,gently
1451,genuine
1452,genuinely
1453,geography
1454,get
1455,get away
1456,get away with
1457,get back
1458,get by
1459,get in
1460,get into
1461,get off
1462,get on
1463,get on with
1464,get out of
1465,get over
1466,get round
1467,get round to
1468,get through
1469,get up
1470,giant
1471,gift
1472,girl
1473,girlfriend
1474,give
1475,give away
1476,give back
1477,give in
1478,give off
1479,give out
1480,give up
1481,glad
1482,glass
1483,global
1484,glove
1485,glue
1486,go
1487,go ahead
1488,goal
1489,go away
1490,go back
1491,go back to
1492,go by
1493,god
1494,go down
1495,go into
1496,gold
1497,good
1498,goodbye
1499,goods
1500,go off
1501,go on
1502,go on doing
1503,go out
1504,go out with
1505,go over
1506,go round
1507,go through
1508,go through with
1509,go to
1510,go up
1511,govern
1512,government
1513,governor
1514,go with
1515,go without
1516,grab
1517,grade
1518,gradual
1519,gradually
1520,grain
1521,gram
1522,grammar
1523,grand
1524,grandchild
1525,granddaughter
1526,grandfather
1527,grandmother
1528,grandparent
1529,grandson
1530,grant
1531,grass
1532,grateful
1533,grave 1
1534,gravely
1535,great
1536,greatly
1537,green
1538,grey
1539,grocery
1540,ground
1541,group
1542,grow
1543,growth
1544,grow up
1545,guarantee
1546,guard
1547,guess
1548,guest
1549,guide
1550,guilty
1551,gun
1552,guy
1553,habit
1554,hair
1555,hairdresser
1556,half
1557,hall
1558,hammer
1559,hand
1560,hand back
1561,hand down
1562,hand in
1563,handle
1564,hand out
1565,hand over
1566,hand round
1567,hang
1568,hang about
1569,hang about with
1570,hang around
1571,hang around with
1572,hang on
1573,hang on to
1574,hang up
1575,happen
1576,happen to
1577,happily
1578,happiness
1579,happy
1580,hard
1581,hardly
1582,harm
1583,harmful
1584,harmless
1585,hat
1586,hate
1587,hatred
1588,have
1589,have back
1590,have on
1591,have to
1592,he
1593,head
1594,headache
1595,heal
1596,health
1597,healthy
1598,hear
1599,hear from
1600,hearing
1601,hear of
1602,heart
1603,heat
1604,heating
1605,heat up
1606,heaven
1607,heavily
1608,heavy
1609,heel
1610,height
1611,hell
1612,hello
1613,help
1614,helpful
1615,help out
1616,hence
1617,her
1618,here
1619,hero
1620,hers
1621,herself
1622,hesitate
1623,hi
1624,hide
1625,high
1626,highlight
1627,highly
1628,highway
1629,hill
1630,him
1631,himself
1632,hip
1633,hire
1634,hire out
1635,his
1636,historical
1637,history
1638,hit
1639,hobby
1640,hold
1641,hold back
1642,hold on
1643,hold on to
1644,hold out
1645,hold up
1646,hole
1647,holiday
1648,hollow
1649,holy
1650,home
1651,homework
1652,honest
1653,honestly
1654,honour
1655,hook
1656,hope
1657,horizontal
1658,horn
1659,horror
1660,horse
1661,hospital
1662,host
1663,hot
1664,hotel
1665,hour
1666,house
1667,household
1668,housing
1669,how
1670,however
1671,huge
1672,human
1673,humorous
1674,humour
1675,hundred
1676,hundredth
1677,hungry
1678,hunt
1679,hunting
1680,hurry
1681,hurry up
1682,hurt
1683,husband
1684,I
1685,ice
1686,ice cream
1687,idea
1688,ideal
1689,identify
1690,identify with
1691,identity
1692,i.e.
1693,if
1694,ignore
1695,ill
1696,illegal
1697,illegally
1698,illness
1699,illustrate
1700,image
1701,imaginary
1702,imagination
1703,imagine
1704,immediate
1705,immediately
1706,immoral
1707,impact
1708,impatient
1709,implication
1710,imply
1711,import
1712,importance
1713,important
1714,importantly
1715,impose
1716,impossible
1717,impress
1718,impressed
1719,impression
1720,impressive
1721,improve
1722,improvement
1723,in
1724,inability
1725,inch
1726,incident
1727,include
1728,including
1729,income
1730,increase
1731,increasingly
1732,indeed
1733,independence
1734,independent
1735,independently
1736,index
1737,indicate
1738,indication
1739,indirect
1740,indirectly
1741,individual
1742,indoor
1743,indoors
1744,industrial
1745,industry
1746,inevitable
1747,inevitably
1748,infect
1749,infected
1750,infection
1751,infectious
1752,influence
1753,inform
1754,informal
1755,information
1756,ingredient
1757,initial
1758,initially
1759,initiative
1760,injure
1761,injured
1762,injury
1763,ink
1764,inner
1765,innocent
1766,insect
1767,insert
1768,inside
1769,insist
1770,insist on
1771,insist on doing
1772,install
1773,instance
1774,instead
1775,instead of
1776,institute
1777,institution
1778,instruction
1779,instrument
1780,insult
1781,insulting
1782,insurance
1783,intelligence
1784,intelligent
1785,intend
1786,intended
1787,intention
1788,interest
1789,interested
1790,interesting
1791,interior
1792,internal
1793,international
1794,Internet
1795,interpret
1796,interpretation
1797,interrupt
1798,interruption
1799,interval
1800,interview
1801,into
1802,introduce
1803,introduction
1804,invent
1805,invention
1806,invest
1807,investigate
1808,investigation
1809,investment
1810,invitation
1811,invite
1812,involve
1813,involved
1814,involvement
1815,iron
1816,irritate
1817,irritated
1818,irritating
1819,island
1820,issue
1821,it
1822,item
1823,its
1824,itself
1825,jacket
1826,jam
1827,January
1828,jealous
1829,jeans
1830,jelly
1831,jewellery
1832,job
1833,join
1834,join in
1835,joint
1836,jointly
1837,joke
1838,journalist
1839,journey
1840,joy
1841,judge
1842,judgement
1843,juice
1844,July
1845,jump
1846,June
1847,junior
1848,just
1849,justice
1850,justified
1851,justify
1852,keen
1853,keep
1854,keep out
1855,keep out of
1856,keep up
1857,keep up with
1858,key
1859,keyboard
1860,kick
1861,kid
1862,kill
1863,killing
1864,kilogram
1865,kilometre
1866,kind
1867,kindly
1868,kindness
1869,king
1870,kiss
1871,kitchen
1872,knee
1873,knife
1874,knit
1875,knitted
1876,knitting
1877,knock
1878,knock down
1879,knock out
1880,knot
1881,know
1882,knowledge
1883,lab
1884,label
1885,laboratory
1886,labour
1887,lack
1888,lacking
1889,lady
1890,lake
1891,lamp
1892,land
1893,landscape
1894,lane
1895,language
1896,large
1897,largely
1898,last 1
1899,late
1900,later
1901,latest
1902,latter
1903,laugh
1904,laugh at
1905,launch
1906,law
1907,lawyer
1908,lay
1909,layer
1910,lazy
1911,lead 1
1912,leader
1913,leading 1
1914,leaf
1915,league
1916,lean
1917,learn
1918,least
1919,leather
1920,leave
1921,leave out
1922,lecture
1923,left
1924,leg
1925,legal
1926,legally
1927,lemon
1928,lend
1929,length
1930,less
1931,lesson
1932,let
1933,let down
1934,let off
1935,letter
1936,level
1937,library
1938,licence
1939,license
1940,lid
1941,lie 1
1942,lie 2
1943,lie around
1944,lie down
1945,life
1946,lift
1947,light
1948,lightly
1949,like
1950,likely
1951,limit
1952,limited
1953,limit to
1954,line
1955,link
1956,lip
1957,liquid
1958,list
1959,listen
1960,literature
1961,litre
1962,little
1963,live 1
1964,live 2
1965,lively
1966,live on
1967,live through
1968,live together
1969,living
1970,load
1971,loan
1972,local
1973,locally
1974,locate
1975,located
1976,location
1977,lock
1978,lock up
1979,logic
1980,logical
1981,lonely
1982,long
1983,look
1984,look after
1985,look at
1986,look down on
1987,look forward to
1988,look into
1989,look on
1990,look on with
1991,look out
1992,look out for
1993,look round
1994,look through
1995,look up
1996,look up to
1997,loose
1998,loosely
1999,lord
2000,lorry
2001,lose
2002,loss
2003,lost
2004,lot
2005,loud
2006,loudly
2007,love
2008,lovely
2009,lover
2010,low
2011,loyal
2012,luck
2013,lucky
2014,luggage
2015,lump
2016,lunch
2017,lung
2018,machine
2019,machinery
2020,mad
2021,magazine
2022,magic
2023,mail
2024,main
2025,mainly
2026,maintain
2027,major
2028,majority
2029,make
2030,make into
2031,make up
2032,make-up
2033,make up for
2034,male
2035,mall
2036,man
2037,manage
2038,management
2039,manager
2040,manner
2041,manufacture
2042,manufacturer
2043,manufacturing
2044,many
2045,map
2046,march
2047,March
2048,mark
2049,market
2050,marketing
2051,marriage
2052,married
2053,marry
2054,mass
2055,massive
2056,master
2057,match
2058,matching
2059,match up
2060,mate
2061,material
2062,mathematics
2063,matter
2064,maximum
2065,may
2066,May
2067,maybe
2068,mayor
2069,me
2070,meal
2071,mean
2072,meaning
2073,means
2074,meanwhile
2075,measure
2076,measurement
2077,meat
2078,media
2079,medical
2080,medicine
2081,medium
2082,meet
2083,meeting
2084,meet up
2085,meet with
2086,melt
2087,member
2088,membership
2089,memory
2090,mental
2091,mentally
2092,mention
2093,menu
2094,mere
2095,merely
2096,mess
2097,message
2098,metal
2099,method
2100,metre
2101,mid-
2102,midday
2103,middle
2104,midnight
2105,might
2106,mild
2107,mile
2108,military
2109,milk
2110,milligram
2111,millimetre
2112,million
2113,millionth
2114,mind
2115,mine
2116,mineral
2117,minimum
2118,minister
2119,ministry
2120,minor
2121,minority
2122,minute 1
2123,mirror
2124,miss
2125,missing
2126,miss out
2127,mistake
2128,mistake for
2129,mistaken
2130,mix
2131,mixed
2132,mixture
2133,mix up
2134,mobile
2135,mobile phone
2136,model
2137,modern
2138,mom
2139,moment
2140,Monday
2141,money
2142,monitor
2143,month
2144,mood
2145,moon
2146,moral
2147,morally
2148,more
2149,moreover
2150,morning
2151,most
2152,mostly
2153,mother
2154,motion
2155,motor
2156,motorbike
2157,motorcycle
2158,mount
2159,mountain
2160,mouse
2161,mouth
2162,move
2163,move in
2164,movement
2165,move out
2166,move over
2167,movie
2168,movie theater
2169,moving
2170,Mr
2171,Mrs
2172,Ms
2173,much
2174,mud
2175,multiply
2176,mum
2177,murder
2178,muscle
2179,museum
2180,music
2181,musical
2182,musician
2183,must
2184,my
2185,myself
2186,mysterious
2187,mystery
2188,nail
2189,naked
2190,name
2191,narrow
2192,nation
2193,national
2194,natural
2195,naturally
2196,nature
2197,navy
2198,near
2199,nearby
2200,nearly
2201,neat
2202,neatly
2203,necessarily
2204,necessary
2205,neck
2206,need
2207,needle
2208,negative
2209,neighbour
2210,neighbourhood
2211,neither
2212,nephew
2213,nerve
2214,nervous
2215,nervously
2216,nest
2217,net
2218,network
2219,never
2220,nevertheless
2221,new
2222,newly
2223,news
2224,newspaper
2225,next
2226,next to
2227,nice
2228,nicely
2229,niece
2230,night
2231,nine
2232,nineteen
2233,nineteenth
2234,ninetieth
2235,ninety
2236,ninth
2237,no
2238,nobody
2239,noise
2240,noisily
2241,noisy
2242,non-
2243,none
2244,nonsense
2245,no one
2246,nor
2247,normal
2248,normally
2249,north
2250,northern
2251,nose
2252,not
2253,note
2254,note down
2255,nothing
2256,notice
2257,noticeable
2258,novel
2259,November
2260,now
2261,nowhere
2262,nuclear
2263,number
2264,nurse
2265,nut
2266,obey
2267,object
2268,objective
2269,observation
2270,observe
2271,obtain
2272,obvious
2273,obviously
2274,occasion
2275,occasionally
2276,occupied
2277,occupy
2278,occur
2279,occur to
2280,ocean
2281,o’clock
2282,October
2283,odd
2284,oddly
2285,of
2286,off
2287,offence
2288,offend
2289,offense
2290,offensive
2291,offer
2292,office
2293,officer
2294,official
2295,officially
2296,often
2297,oh
2298,oil
2299,OK
2300,old
2301,old-fashioned
2302,on
2303,once
2304,one
2305,one another
2306,onion
2307,online
2308,only
2309,onto
2310,open
2311,opening
2312,openly
2313,open up
2314,operate
2315,operation
2316,opinion
2317,opponent
2318,opportunity
2319,oppose
2320,opposed
2321,opposing
2322,opposite
2323,opposition
2324,option
2325,or
2326,orange
2327,order
2328,ordinary
2329,organ
2330,organization
2331,organize
2332,organized
2333,origin
2334,original
2335,originally
2336,other
2337,otherwise
2338,ought to
2339,our
2340,ours
2341,ourselves
2342,out
2343,outdoor
2344,outdoors
2345,outer
2346,outline
2347,output
2348,outside
2349,outstanding
2350,oven
2351,over
2352,overall
2353,overcome
2354,owe
2355,own
2356,owner
2357,own up
2358,pace 1
2359,pack
2360,package
2361,packaging
2362,packet
2363,pack up
2364,page
2365,pain
2366,painful
2367,paint
2368,painter
2369,painting
2370,pair
2371,palace
2372,pale
2373,pan 1
2374,panel
2375,pants
2376,paper
2377,parallel
2378,parent
2379,park
2380,parliament
2381,part
2382,particular
2383,particularly
2384,partly
2385,partner
2386,partnership
2387,party
2388,pass
2389,passage
2390,pass away
2391,pass by
2392,passenger
2393,passing
2394,pass on
2395,pass out
2396,passport
2397,pass round
2398,pass through
2399,past
2400,path
2401,patience
2402,patient
2403,pattern
2404,pause
2405,pay
2406,pay back
2407,payment
2408,pay out
2409,pay up
2410,peace
2411,peaceful
2412,peak
2413,pen
2414,pencil
2415,penny
2416,pension 1
2417,people
2418,pepper
2419,per
2420,per cent
2421,perfect
2422,perfectly
2423,perform
2424,performance
2425,performer
2426,perhaps
2427,period
2428,permanent
2429,permanently
2430,permission
2431,permit
2432,person
2433,personal
2434,personality
2435,personally
2436,persuade
2437,pet
2438,petrol
2439,phase
2440,philosophy
2441,phone
2442,photo
2443,photocopy
2444,photograph
2445,photographer
2446,photography
2447,phrase
2448,physical
2449,physically
2450,physics
2451,piano
2452,pick
2453,pick up
2454,picture
2455,piece
2456,pig
2457,pile
2458,pile up
2459,pill
2460,pilot
2461,pin
2462,pink
2463,pint
2464,pipe
2465,pitch
2466,pity
2467,place
2468,plain
2469,plan
2470,plane
2471,planet
2472,planning
2473,plant
2474,plastic
2475,plate
2476,platform
2477,play
2478,play about
2479,player
2480,play with
2481,pleasant
2482,pleasantly
2483,please
2484,pleased
2485,pleasing
2486,pleasure
2487,plenty
2488,plot
2489,plug
2490,plug in
2491,plus 1
2492,p.m.
2493,pocket
2494,poem
2495,poetry
2496,point
2497,pointed
2498,point out
2499,poison
2500,poisonous
2501,pole
2502,police
2503,policy
2504,polish
2505,polite
2506,politely
2507,political
2508,politically
2509,politician
2510,politics
2511,pollution
2512,pool
2513,poor
2514,pop
2515,popular
2516,population
2517,port
2518,pose
2519,position
2520,positive
2521,possess
2522,possession
2523,possibility
2524,possible
2525,possibly
2526,post
2527,post office
2528,pot
2529,potato
2530,potential
2531,potentially
2532,pound
2533,pour
2534,powder
2535,power
2536,powerful
2537,practical
2538,practically
2539,practice
2540,practise
2541,praise
2542,pray
2543,prayer
2544,precise
2545,precisely
2546,predict
2547,prefer
2548,preference
2549,pregnant
2550,premises
2551,preparation
2552,prepare
2553,prepared
2554,presence
2555,present
2556,presentation
2557,preserve
2558,president
2559,press
2560,pressure
2561,presumably
2562,pretend
2563,pretty
2564,prevent
2565,previous
2566,previously
2567,price
2568,pride
2569,priest
2570,primarily
2571,primary
2572,prime minister
2573,prince
2574,princess
2575,principle
2576,print
2577,printer
2578,printing
2579,print off
2580,prior
2581,priority
2582,prison
2583,prisoner
2584,private
2585,privately
2586,prize
2587,probable
2588,probably
2589,problem
2590,procedure
2591,proceed
2592,process 1
2593,produce
2594,producer
2595,product
2596,production
2597,profession
2598,professional
2599,professor
2600,profit
2601,program
2602,programme
2603,progress
2604,project
2605,promise
2606,promote
2607,promotion
2608,prompt
2609,promptly
2610,pronounce
2611,pronunciation
2612,proof
2613,proper
2614,properly
2615,property
2616,proportion
2617,proposal
2618,propose
2619,prospect
2620,protect
2621,protection
2622,protest
2623,proud
2624,proudly
2625,prove
2626,provide
2627,provided
2628,providing
2629,pub
2630,public
2631,publication
2632,publicity
2633,publicly
2634,publish
2635,publishing
2636,pull
2637,pull apart
2638,pull down
2639,pull in
2640,pull off
2641,pull out
2642,pull over
2643,pull through
2644,pull together
2645,pull up
2646,punch
2647,punish
2648,punishment
2649,pupil
2650,purchase
2651,pure
2652,purely
2653,purple
2654,purpose
2655,pursue
2656,push
2657,push about
2658,push forward
2659,put
2660,put away
2661,put back
2662,put down
2663,put forward
2664,put in
2665,put off
2666,put on
2667,put out
2668,put through
2669,put together
2670,put up
2671,put up with
2672,qualification
2673,qualified
2674,qualify
2675,quality
2676,quantity
2677,quarter
2678,queen
2679,question
2680,quick
2681,quickly
2682,quiet
2683,quietly
2684,quit
2685,quite
2686,quote
2687,race
2688,racing
2689,radio
2690,rail
2691,railroad
2692,railway
2693,rain
2694,raise
2695,range
2696,rank
2697,rapid
2698,rapidly
2699,rare
2700,rarely
2701,rate
2702,rather
2703,raw
2704,re-
2705,reach
2706,react
2707,reaction
2708,read
2709,reader
2710,reading
2711,read out
2712,read over
2713,ready
2714,real
2715,realistic
2716,reality
2717,realize
2718,really
2719,rear
2720,reason
2721,reasonable
2722,reasonably
2723,recall
2724,receipt
2725,receive
2726,recent
2727,recently
2728,reception
2729,reckon
2730,reckon on
2731,recognition
2732,recognize
2733,recommend
2734,record
2735,recording
2736,recover
2737,red
2738,reduce
2739,reduction
2740,refer
2741,reference
2742,refer to
2743,reflect
2744,reform
2745,refrigerator
2746,refusal
2747,refuse 1
2748,regard
2749,regarding
2750,region
2751,regional
2752,register
2753,regret
2754,regular
2755,regularly
2756,regulation
2757,reject
2758,relate
2759,related
2760,relate to
2761,relation
2762,relationship
2763,relative
2764,relatively
2765,relax
2766,relaxed
2767,relaxing
2768,release
2769,relevant
2770,relief
2771,religion
2772,religious
2773,rely
2774,rely on
2775,remain
2776,remaining
2777,remains
2778,remark
2779,remarkable
2780,remarkably
2781,remember
2782,remind
2783,remind of
2784,remote
2785,removal
2786,remove
2787,rent
2788,rented
2789,repair
2790,repeat
2791,repeated
2792,repeatedly
2793,replace
2794,reply
2795,report
2796,represent
2797,representative
2798,reproduce
2799,reputation
2800,request
2801,require
2802,requirement
2803,rescue
2804,research
2805,reservation
2806,reserve
2807,resident
2808,resist
2809,resistance
2810,resolve
2811,resort
2812,resort to
2813,resource
2814,respect
2815,respond
2816,response
2817,responsibility
2818,responsible
2819,rest
2820,restaurant
2821,restore
2822,restrict
2823,restricted
2824,restriction
2825,result
2826,result in
2827,retain
2828,retire
2829,retired
2830,retirement
2831,return
2832,reveal
2833,reverse
2834,review
2835,revise
2836,revision
2837,revolution
2838,reward
2839,rhythm
2840,rice
2841,rich
2842,rid
2843,ride
2844,rider
2845,ridiculous
2846,riding
2847,right
2848,rightly
2849,ring 1
2850,ring 2
2851,ring back
2852,rise
2853,risk
2854,rival
2855,river
2856,road
2857,rob
2858,rock
2859,role
2860,roll
2861,romantic
2862,roof
2863,room
2864,root
2865,rope
2866,rough
2867,roughly
2868,round
2869,rounded
2870,route
2871,routine
2872,row 1
2873,royal
2874,rub
2875,rubber
2876,rubbish
2877,rude
2878,rudely
2879,ruin
2880,ruined
2881,rule
2882,rule out
2883,ruler
2884,rumour
2885,run
2886,run after
2887,run away
2888,runner
2889,running
2890,run out
2891,run over
2892,run through
2893,rural
2894,rush
2895,sack
2896,sad
2897,sadly
2898,sadness
2899,safe
2900,safely
2901,safety
2902,sail
2903,sailing
2904,sailor
2905,salad
2906,salary
2907,sale
2908,salt
2909,salty
2910,same
2911,sample
2912,sand
2913,satisfaction
2914,satisfied
2915,satisfy
2916,satisfying
2917,Saturday
2918,sauce
2919,save
2920,saving
2921,say
2922,scale
2923,scare
2924,scared
2925,scare off
2926,scene
2927,schedule
2928,scheme
2929,school
2930,science
2931,scientific
2932,scientist
2933,scissors
2934,score
2935,scratch
2936,scream
2937,screen
2938,screw
2939,sea
2940,seal
2941,seal off
2942,search
2943,season
2944,seat
2945,second 1
2946,secondary
2947,secret
2948,secretary
2949,secretly
2950,section
2951,sector
2952,secure
2953,security
2954,see
2955,see about
2956,seed
2957,seek
2958,seem
2959,see to
2960,select
2961,selection
2962,self
2963,self-
2964,sell
2965,sell off
2966,sell out
2967,senate
2968,senator
2969,send
2970,send for
2971,send off
2972,senior
2973,sense
2974,sensible
2975,sensitive
2976,sentence
2977,separate
2978,separated
2979,separately
2980,separation
2981,September
2982,series
2983,serious
2984,seriously
2985,servant
2986,serve
2987,service
2988,session
2989,set
2990,set off
2991,set out
2992,settle
2993,settle down
2994,set up
2995,seven
2996,seventeen
2997,seventh
2998,seventieth
2999,seventy
3000,several
3001,severe
3002,severely
3003,sew
3004,sewing
3005,sex
3006,sexual
3007,sexually
3008,shade
3009,shadow
3010,shake
3011,shall
3012,shallow
3013,shame
3014,shape
3015,shaped
3016,share
3017,sharp
3018,sharply
3019,shave
3020,she
3021,sheep
3022,sheet
3023,shelf
3024,shell
3025,shelter
3026,shift
3027,shine
3028,shiny
3029,ship
3030,shirt
3031,shock
3032,shocked
3033,shocking
3034,shoe
3035,shoot
3036,shoot down
3037,shooting
3038,shop
3039,shopping
3040,short
3041,shortly
3042,shot
3043,should
3044,shoulder
3045,shout
3046,show
3047,shower
3048,show off
3049,show round
3050,show up
3051,shut
3052,shut down
3053,shut in
3054,shut out
3055,shut up
3056,shy
3057,sick
3058,side
3059,sideways
3060,sight
3061,sign
3062,signal
3063,signature
3064,significant
3065,significantly
3066,silence
3067,silent
3068,silk
3069,silly
3070,silver
3071,similar
3072,similarly
3073,simple
3074,simply
3075,since
3076,sincere
3077,sincerely
3078,sing
3079,singer
3080,singing
3081,single
3082,sink
3083,sir
3084,sister
3085,sit
3086,sit down
3087,site
3088,situation
3089,six
3090,sixteen
3091,sixth
3092,sixtieth
3093,sixty
3094,size
3095,skilful
3096,skilfully
3097,skill
3098,skilled
3099,skin
3100,skirt
3101,sky
3102,sleep
3103,sleeve
3104,slice
3105,slide
3106,slight
3107,slightly
3108,slip
3109,slope
3110,slow
3111,slowly
3112,small
3113,smart
3114,smash
3115,smell
3116,smile
3117,smoke
3118,smoking
3119,smooth
3120,smoothly
3121,snake
3122,snow
3123,so
3124,soap
3125,social
3126,socially
3127,society
3128,sock
3129,soft
3130,softly
3131,software
3132,soil
3133,soldier
3134,solid
3135,solution
3136,solve
3137,some
3138,somebody
3139,somehow
3140,someone
3141,something
3142,sometimes
3143,somewhat
3144,somewhere
3145,son
3146,song
3147,soon
3148,sore
3149,sorry
3150,sort
3151,sort out
3152,soul
3153,sound
3154,soup
3155,sour
3156,source
3157,south
3158,southern
3159,space
3160,spare
3161,speak
3162,speaker
3163,speak out
3164,speak up
3165,special
3166,specialist
3167,specially
3168,specific
3169,specifically
3170,speech
3171,speed
3172,speed up
3173,spell
3174,spelling
3175,spend
3176,spice
3177,spicy
3178,spider
3179,spin
3180,spirit
3181,spiritual
3182,spite
3183,split
3184,split up
3185,spoil
3186,spoken
3187,spoon
3188,sport
3189,spot
3190,spray
3191,spread
3192,spread out
3193,spring
3194,square
3195,squeeze
3196,stable
3197,staff
3198,stage
3199,stair
3200,stamp
3201,stand
3202,standard
3203,stand back
3204,stand by
3205,stand for
3206,stand out
3207,stand up
3208,stand up for
3209,star
3210,stare
3211,start
3212,start off
3213,start out
3214,start up
3215,state
3216,statement
3217,station
3218,statue
3219,status
3220,stay
3221,stay away
3222,stay out of
3223,steadily
3224,steady
3225,steal
3226,steam
3227,steel
3228,steep
3229,steeply
3230,steer
3231,step
3232,stick
3233,stick out
3234,stick to
3235,stick up
3236,sticky
3237,stiff
3238,stiffly
3239,still
3240,sting
3241,stir
3242,stock
3243,stomach
3244,stone
3245,stop
3246,store
3247,storm
3248,story
3249,stove
3250,straight
3251,strain
3252,strange
3253,strangely
3254,stranger
3255,strategy
3256,stream
3257,street
3258,strength
3259,stress
3260,stressed
3261,stretch
3262,strict
3263,strictly
3264,strike
3265,striking
3266,string
3267,strip
3268,stripe
3269,striped
3270,stroke
3271,strong
3272,strongly
3273,structure
3274,struggle
3275,student
3276,studio
3277,study
3278,stuff
3279,stupid
3280,style
3281,subject
3282,substance
3283,substantial
3284,substantially
3285,substitute
3286,succeed
3287,success
3288,successful
3289,successfully
3290,such
3291,suck
3292,sudden
3293,suddenly
3294,suffer
3295,suffering
3296,sufficient
3297,sufficiently
3298,sugar
3299,suggest
3300,suggestion
3301,suit
3302,suitable
3303,suitcase
3304,suited
3305,sum
3306,summary
3307,summer
3308,sum up
3309,sun
3310,Sunday
3311,superior
3312,supermarket
3313,supply
3314,support
3315,supporter
3316,suppose
3317,sure
3318,surely
3319,surface
3320,surname
3321,surprise
3322,surprised
3323,surprising
3324,surprisingly
3325,surround
3326,surrounding
3327,surroundings
3328,survey
3329,survive
3330,suspect
3331,suspicion
3332,suspicious
3333,swallow
3334,swear
3335,swearing
3336,sweat
3337,sweater
3338,sweep
3339,sweet
3340,swell
3341,swelling
3342,swim
3343,swimming
3344,swimming pool
3345,swing
3346,switch
3347,switch off
3348,swollen
3349,symbol
3350,sympathetic
3351,sympathy
3352,system
3353,table
3354,tablet
3355,tackle
3356,tail
3357,take
3358,take away
3359,take back
3360,take down
3361,take in
3362,take off
3363,take on
3364,take over
3365,take up
3366,talk
3367,tall
3368,tank
3369,tap
3370,tape
3371,target
3372,task
3373,taste
3374,tax
3375,taxi
3376,tea
3377,teach
3378,teacher
3379,teaching
3380,team
3381,tear 1
3382,tear 2
3383,tear up
3384,technical
3385,technique
3386,technology
3387,telephone
3388,television
3389,tell
3390,tell off
3391,temperature
3392,temporarily
3393,temporary
3394,ten
3395,tend
3396,tendency
3397,tension
3398,tent
3399,tenth
3400,term
3401,terrible
3402,terribly
3403,test
3404,text
3405,than
3406,thank
3407,thanks
3408,thank you
3409,that
3410,the
3411,theatre
3412,their
3413,theirs
3414,them
3415,theme
3416,themselves
3417,then
3418,theory
3419,there
3420,therefore
3421,they
3422,thick
3423,thickly
3424,thickness
3425,thief
3426,thin
3427,thing
3428,think
3429,think about
3430,thinking
3431,think of
3432,think of as
3433,think over
3434,think up
3435,third
3436,thirsty
3437,thirteen
3438,thirteenth
3439,thirtieth
3440,thirty
3441,this
3442,thorough
3443,thoroughly
3444,though
3445,thought
3446,thousand
3447,thousandth
3448,thread
3449,threat
3450,threaten
3451,threatening
3452,three
3453,throat
3454,through
3455,throughout
3456,throw
3457,throw away
3458,throw out
3459,thumb
3460,Thursday
3461,thus
3462,ticket
3463,tidy
3464,tie
3465,tie up
3466,tight
3467,tightly
3468,till
3469,time
3470,timetable
3471,tin
3472,tiny
3473,tip
3474,tip over
3475,tire
3476,tired
3477,tire out
3478,tiring
3479,title
3480,to
3481,today
3482,toe
3483,together
3484,toilet
3485,tomato
3486,tomorrow
3487,ton
3488,tone
3489,tongue
3490,tonight
3491,tonne
3492,too
3493,tool
3494,tooth
3495,top
3496,topic
3497,total
3498,totally
3499,touch
3500,tough
3501,tour
3502,tourist
3503,towards
3504,towel
3505,tower
3506,town
3507,toy
3508,trace
3509,track
3510,trade
3511,trading
3512,tradition
3513,traditional
3514,traditionally
3515,traffic
3516,train
3517,training
3518,transfer
3519,transform
3520,translate
3521,translation
3522,transparent
3523,transport
3524,transportation
3525,trap
3526,travel
3527,traveller
3528,treat
3529,treatment
3530,tree
3531,trend
3532,trial
3533,triangle
3534,trick
3535,trip
3536,tropical
3537,trouble
3538,trousers
3539,truck
3540,TRUE
3541,truly
3542,trust
3543,truth
3544,try
3545,try on
3546,try out
3547,tube
3548,Tuesday
3549,tune
3550,tunnel
3551,turn
3552,turn back
3553,turn down
3554,turn into
3555,turn off
3556,turn on
3557,turn out
3558,turn over
3559,turn round
3560,turn to
3561,turn up
3562,TV
3563,twelfth
3564,twelve
3565,twentieth
3566,twenty
3567,twice
3568,twin
3569,twist
3570,twisted
3571,two
3572,type
3573,typical
3574,typically
3575,tyre
3576,the unemployed
3577,the unexpected
3578,ugly
3579,ultimate
3580,ultimately
3581,umbrella
3582,unable
3583,unacceptable
3584,uncertain
3585,uncle
3586,uncomfortable
3587,unconscious
3588,uncontrolled
3589,under
3590,underground
3591,underneath
3592,understand
3593,understanding
3594,underwater
3595,underwear
3596,undo
3597,unemployed
3598,unemployment
3599,unexpected
3600,unexpectedly
3601,unfair
3602,unfairly
3603,unfortunate
3604,unfortunately
3605,unfriendly
3606,unhappy
3607,uniform
3608,unimportant
3609,union
3610,unique
3611,unit
3612,unite
3613,united
3614,universe
3615,university
3616,unkind
3617,unknown
3618,unless
3619,unlike
3620,unlikely
3621,unload
3622,unlucky
3623,unnecessary
3624,unpleasant
3625,unreasonable
3626,unsteady
3627,unsuccessful
3628,untidy
3629,until
3630,unusual
3631,unusually
3632,unwilling
3633,unwillingly
3634,up
3635,upon
3636,upper
3637,upset
3638,upsetting
3639,upside down
3640,upstairs
3641,upward
3642,upwards
3643,urban
3644,urge
3645,urgent
3646,us
3647,use
3648,used 1
3649,used 2
3650,used to
3651,useful
3652,useless
3653,user
3654,use up
3655,usual
3656,usually
3657,vacation
3658,valid
3659,valley
3660,valuable
3661,value
3662,van
3663,variation
3664,varied
3665,variety
3666,various
3667,vary
3668,vast
3669,vegetable
3670,vehicle
3671,venture
3672,version
3673,vertical
3674,very
3675,via
3676,victim
3677,victory
3678,video
3679,view
3680,village
3681,violence
3682,violent
3683,violently
3684,virtually
3685,virus
3686,visible
3687,vision
3688,visit
3689,visitor
3690,vital
3691,vocabulary
3692,voice
3693,volume
3694,vote
3695,wage
3696,waist
3697,wait
3698,waiter
3699,wake
3700,walk
3701,walking
3702,walk out
3703,walk up
3704,wall
3705,wallet
3706,wander
3707,want
3708,war
3709,warm
3710,warmth
3711,warm up
3712,warn
3713,warning
3714,wash
3715,wash away
3716,washing
3717,wash off
3718,wash out
3719,wash up
3720,waste
3721,watch
3722,watch out
3723,watch out for
3724,water
3725,wave
3726,way
3727,we
3728,weak
3729,weakness
3730,wealth
3731,weapon
3732,wear
3733,wear away
3734,wear off
3735,wear out
3736,weather
3737,web
3738,website
3739,wedding
3740,Wednesday
3741,week
3742,weekend
3743,weekly
3744,weigh
3745,weight
3746,welcome
3747,well
3748,well known
3749,west
3750,western
3751,wet
3752,what
3753,whatever
3754,wheel
3755,when
3756,whenever
3757,where
3758,whereas
3759,wherever
3760,whether
3761,which
3762,while
3763,whisper
3764,whistle
3765,white
3766,who
3767,whoever
3768,whole
3769,whom
3770,whose
3771,why
3772,wide
3773,widely
3774,width
3775,wife
3776,wild
3777,wildly
3778,will
3779,willing
3780,willingly
3781,willingness
3782,win
3783,wind 1
3784,wind 2
3785,window
3786,wine
3787,wing
3788,winner
3789,winning
3790,winter
3791,wire
3792,wise
3793,wish
3794,with
3795,withdraw
3796,within
3797,without
3798,witness
3799,woman
3800,wonder
3801,wonderful
3802,wood
3803,wooden
3804,wool
3805,word
3806,work
3807,worker
3808,working
3809,work out
3810,world
3811,worried
3812,worry
3813,worrying
3814,worse
3815,worship
3816,worst
3817,worth
3818,would
3819,wound 1
3820,wounded
3821,wrap
3822,wrapping
3823,wrist
3824,write
3825,write back
3826,write down
3827,writer
3828,writing
3829,written
3830,wrong
3831,wrongly
3832,yard
3833,yawn
3834,yeah
3835,year
3836,yellow
3837,yes
3838,yesterday
3839,yet
3840,you
3841,young
3842,your
3843,yours
3844,yourself
3845,youth
3846,zero
3847,zone